"sku","img_url"
"P14","photos/products/P14_1.jpg"
"P12","photos/products/P12_1.jpg"
"P9","photos/products/P9_1.jpg"
"P3","photos/products/P3_1.jpg"
"D12","photos/products/D12_1.jpg"
"D9","photos/products/D9_1.jpg"
"T108","photos/products/T108_1.jpg"
"T107","photos/products/T107_1.jpg"
"T106","photos/products/T106_1.jpg"
"T105","photos/products/T105_1.jpg"
"T104","photos/products/T104_1.jpg"
"T103","photos/products/T103_1.jpg"
"T102","photos/products/T102_1.jpg"
"T101","photos/products/T101_1.jpg"
"S103","photos/products/S103_1.jpg"
"S102","photos/products/S102_1.jpg"
"S101","photos/products/S101_1.jpg"
"P106","photos/products/P106_1.jpg"
"P105","photos/products/P105_1.jpg"
"P104","photos/products/P104_1.jpg"
"P103","photos/products/P103_1.jpg"
"P102","photos/products/P102_1.jpg"
"P101","photos/products/P101_1.jpg"
"J101","photos/products/J101_1.jpg"
"D103","photos/products/D103_1.jpg"
"D102","photos/products/D102_1.jpg"
"D101","photos/products/D101_1.jpg"
"TM119","photos/products/TM119_1.jpg"
"TM120","photos/products/TM120_1.jpg"
"S1","photos/products/S1_1.jpg"
"T15","photos/products/T15_1.jpg"
"T9","photos/products/T9_1.jpg"
"T7","photos/products/T7_1.jpg"
"T6","photos/products/T6_1.jpg"
"T3","photos/products/T3_1.jpg"
"S8","photos/products/S8_1.jpg"
"P18","photos/products/P18_1.jpg"
"P1","photos/products/P1_1.jpg"
"D24","photos/products/D24_1.jpg"
"D22","photos/products/D22_1.jpg"
"D18","photos/products/D18_1.jpg"
"D17","photos/products/D17_1.jpg"
"D15","photos/products/D15_1.jpg"
"D13","photos/products/D13_1.jpg"
"D6","photos/products/D6_1.jpg"
"D2","photos/products/D2_1.jpg"
"T70","photos/products/T70_1.jpg"
"T69","photos/products/T69_1.jpg"
"T45","photos/products/T45_1.jpg"
"T44","photos/products/T44_1.jpg"
"T42","photos/products/T42_1.jpg"
"T40","photos/products/T40_1.jpg"
"T18","photos/products/T18_1.jpg"
"T14","photos/products/T14_1.jpg"
"T13","photos/products/T13_1.jpg"
"T10","photos/products/T10_1.jpg"
"S6","photos/products/S6_1.jpg"
"P16","photos/products/P16_1.jpg"
"P26","photos/products/P26_1.jpg"
"P21","photos/products/P21_1.jpg"
"J102","photos/products/J102_1.jpg"
"D33","photos/products/D33_1.jpg"
"D32","photos/products/D32_1.jpg"
"T55","photos/products/T55_1.jpg"
"T54","photos/products/T54_1.jpg"
"T53","photos/products/T53_1.jpg"
"T52","photos/products/T52_1.jpg"
"T51","photos/products/T51_1.jpg"
"T38","photos/products/T38_1.jpg"
"T17","photos/products/T17_1.jpg"
"T12","photos/products/T12_1.jpg"
"T8","photos/products/T8_1.jpg"
"T4","photos/products/T4_1.jpg"
"S9","photos/products/S9_1.jpg"
"S5","photos/products/S5_1.jpg"
"S2","photos/products/S2_1.jpg"
"D16","photos/products/D16_1.jpg"
"D11","photos/products/D11_1.jpg"
"D10","photos/products/D10_1.jpg"
"D8","photos/products/D8_1.jpg"
"D4","photos/products/D4_1.jpg"
"D1","photos/products/D1_1.jpg"
"T47","photos/products/T47_1.jpg"
"T41","photos/products/T41_1.jpg"
"T22","photos/products/T22_1.jpg"
"T19","photos/products/T19_1.jpg"
"D201","photos/products/D201_1.jpg"
"D202","photos/products/D202_1.jpg"
"D203","photos/products/D203_1.jpg"
"D204","photos/products/D204_1.jpg"
"D205","photos/products/D205_1.jpg"
"D206","photos/products/D206_1.jpg"
"D207","photos/products/D207_1.jpg"
"T82","photos/products/T82_1.jpg"
"T81","photos/products/T81_1.jpg"
"T80","photos/products/T80_1.jpg"
"T79","photos/products/T79_1.jpg"
"T77","photos/products/T77_1.jpg"
"T76","photos/products/T76_1.jpg"
"T75","photos/products/T75_1.jpg"
"T73","photos/products/T73_1.jpg"
"T71","photos/products/T71_1.jpg"
"T68","photos/products/T68_1.jpg"
"S15","photos/products/S15_1.jpg"
"S13","photos/products/S13_1.jpg"
"S12","photos/products/S12_1.jpg"
"P30","photos/products/P30_1.jpg"
"P29","photos/products/P29_1.jpg"
"P28","photos/products/P28_1.jpg"
"D208","photos/products/D208_1.jpg"
"D209","photos/products/D209_1.jpg"
"D210","photos/products/D210_1.jpg"
"D211","photos/products/D211_1.jpg"
"D212","photos/products/D212_1.jpg"
"D213","photos/products/D213_1.jpg"
"D214","photos/products/D214_1.jpg"
"D215","photos/products/D215_1.jpg"
"D216","photos/products/D216_1.jpg"
"D217","photos/products/D217_1.jpg"
"D218","photos/products/D218_1.jpg"
"D219","photos/products/D219_1.jpg"
"D220","photos/products/D220_1.jpg"
"D221","photos/products/D221_1.jpg"
"D222","photos/products/D222_1.jpg"
"D223","photos/products/D223_1.jpg"
"D224","photos/products/D224_1.jpg"
"TM121","photos/products/TM121_1.jpg"
"D227","photos/products/D227_1.jpg"
"P201","photos/products/P201_1.jpg"
"P202","photos/products/P202_1.jpg"
"D3","photos/products/D3_1.jpeg"
"P203","photos/products/P203_1.jpg"
"P204","photos/products/P204_1.jpg"
"P205","photos/products/P205_1.jpg"
"P206","photos/products/P206_1.jpg"
"TM118","photos/products/TM118_1.jpg"
"P207","photos/products/P207_1.jpg"
"P208","photos/products/P208_1.jpg"
"P209","photos/products/P209_1_Q7tWyBN.jpg"
"P210","photos/products/P210_1.jpg"
"P211","photos/products/P211_1.jpg"
"P212","photos/products/P212_1.jpg"
"P213","photos/products/P213_1.jpg"
"P214","photos/products/P214_1.jpg"
"P215","photos/products/P215_1.jpg"
"P216","photos/products/P216_1.jpg"
"P217","photos/products/P217_1.jpg"
"P218","photos/products/P218_1.jpg"
"P219","photos/products/P219_1.jpg"
"P220","photos/products/P220_1.jpg"
"P221","photos/products/P221_1.jpg"
"P222","photos/products/P222_1.jpg"
"P223","photos/products/P223_1.jpg"
"P224","photos/products/P224_1.jpg"
"P225","photos/products/P225_1.jpg"
"S201","photos/products/S201_1.jpg"
"S202","photos/products/S202_1.jpg"
"S203","photos/products/S203_1.jpg"
"S204","photos/products/S204_1.jpg"
"S205","photos/products/S205_1.jpg"
"S206","photos/products/S206_1.jpg"
"S207","photos/products/S207_1.jpg"
"S208","photos/products/S208_1.jpg"
"S209","photos/products/S209_1_WX4XOnM.jpg"
"S210","photos/products/S210_1.jpg"
"T201","photos/products/T201_1.jpg"
"T202","photos/products/T202_1.jpg"
"T203","photos/products/T203_1.jpg"
"T204","photos/products/T204_1.jpg"
"T205","photos/products/T205_1.jpg"
"T206","photos/products/T206_1.jpg"
"T207","photos/products/T207_1.jpg"
"T208","photos/products/T208_1.jpg"
"T209","photos/products/T209_1.jpg"
"T210","photos/products/T210_1.jpg"
"T211","photos/products/T211_1.jpg"
"T212","photos/products/T212_1.jpg"
"T213","photos/products/T213_1.jpg"
"T214","photos/products/T214_1.jpg"
"T215","photos/products/T215_1.jpg"
"T216","photos/products/T216_1.jpg"
"T217","photos/products/T217_1.jpg"
"T218","photos/products/T218_1.jpg"
"T219","photos/products/T219_1.jpg"
"T220","photos/products/T220_1.jpg"
"T221","photos/products/T221_1.jpg"
"T222","photos/products/T222_1.jpg"
"T223","photos/products/T223_1.jpg"
"T224","photos/products/T224_1.jpg"
"T225","photos/products/T225_1.jpg"
"D104","photos/products/D104_1_dtbrIEc.jpg"
"T226","photos/products/T226_1.jpg"
"T227","photos/products/T227_1.jpg"
"T228","photos/products/T228_1.jpg"
"T229","photos/products/T229_1.jpg"
"T230","photos/products/T230_1.jpg"
"T231","photos/products/T231_1.jpg"
"T232","photos/products/T232_1.jpg"
"T233","photos/products/T233_1.jpg"
"T234","photos/products/T234_1.jpg"
"T236","photos/products/T236_1.jpg"
"T237","photos/products/T237_1.jpg"
"T238","photos/products/T238_1.jpg"
"T239","photos/products/T239_1.jpg"
"T240","photos/products/T240_1.jpg"
"T241","photos/products/T241_1.jpg"
"T242","photos/products/T242_1.jpg"
"T243","photos/products/T243_1.jpg"
"T244","photos/products/T244_1.jpg"
"T245","photos/products/T245_1.jpg"
"T246","photos/products/T246_1.jpg"
"T247","photos/products/T247_1.jpg"
"T248","photos/products/T248_1.jpg"
"T249","photos/products/T249_1.jpg"
"D225","photos/products/D225_1.jpg"
"TP202","photos/products/TP201_1.jpeg"
"TP201","photos/products/TP202_2.jpeg"
"D228","photos/products/D228_1.jpg"
"D229","photos/products/D229_1.jpg"
"T250","photos/products/T250_1.jpg"
"T251","photos/products/T251_1.jpg"
"D226","photos/products/D226_1.jpg"
"D232","photos/products/D232_1.jpg"
"S211","photos/products/S211_1.jpg"
"P226","photos/products/P226_1.jpg"
"D231","photos/products/D231_1.jpg"
"TS201","photos/products/TS201_1.jpeg"
"T255","photos/products/T255_1.jpg"
"T254","photos/products/T254_1.jpg"
"T253","photos/products/T253_1.jpg"
"T252","photos/products/T252_1.jpg"
"P229","photos/products/P229_1.jpg"
"P228","photos/products/P228_1.jpg"
"P227","photos/products/P227_1.jpg"
"D233","photos/products/D233_1.jpeg"
"D230","photos/products/D230_1.jpg"
"PM106","photos/products/PM106_1.jpg"
"PM107","photos/products/PM107_1.jpg"
"PM108","photos/products/PM108_1.jpg"
"TM101","photos/products/TM101_1.jpg"
"TM102","photos/products/TM102_1.jpg"
"TM103","photos/products/TM103_1.jpg"
"TM104","photos/products/TM104_1.jpg"
"S212","photos/products/S212_1.jpg"
"D234","photos/products/D234_1.jpg"
"PM101","photos/products/PM101_1.jpg"
"PM102","photos/products/PM102_1.jpg"
"PM103","photos/products/PM103_1.jpg"
"PM104","photos/products/PM104_1.jpg"
"PM105","photos/products/PM105_1.jpg"
"D235","photos/products/D235_1.jpg"
"D236","photos/products/D236_1.jpg"
"D237","photos/products/D237_1.jpg"
"D238","photos/products/D238_1.jpg"
"D239","photos/products/D239_1.jpg"
"D240","photos/products/D240_1.jpg"
"P232","photos/products/P232_1.jpg"
"P233","photos/products/P233_1.jpg"
"P234","photos/products/P234_1.jpg"
"P235","photos/products/P235_1.jpg"
"P236","photos/products/P236_1.jpg"
"PM109","photos/products/PM109_1.jpg"
"PM110","photos/products/PM110_1.jpg"
"PM111","photos/products/PM111_1.jpg"
"PM112","photos/products/PM112_1.jpg"
"PM113","photos/products/PM113_1.jpg"
"PM114","photos/products/PM114_1.jpg"
"PM115","photos/products/PM115_1.jpg"
"PM116","photos/products/PM116_1.jpg"
"PM117","photos/products/PM117_1.jpg"
"PM118","photos/products/PM118_1.jpg"
"PM119","photos/products/PM119_1.jpg"
"PM120","photos/products/PM120_1.jpg"
"PM121","photos/products/PM121_1.jpg"
"PM122","photos/products/PM122_1.jpg"
"PM123","photos/products/PM123_1.jpg"
"PM124","photos/products/PM124_1.jpg"
"PM125","photos/products/PM125_1.jpg"
"S213","photos/products/S213_1.jpg"
"S214","photos/products/S214_1.jpg"
"S215","photos/products/S215_1.jpg"
"T256","photos/products/T256_1.jpg"
"T257","photos/products/T257_1.jpg"
"T258","photos/products/T258_1.jpg"
"T259","photos/products/T259_1.jpg"
"T263","photos/products/T263_1.jpg"
"T264","photos/products/T264_1.jpg"
"T265","photos/products/T265_1.jpg"
"T266","photos/products/T266_1.jpg"
"T267","photos/products/T267_1.jpg"
"T268","photos/products/T268_1.jpg"
"T269","photos/products/T269_1.jpg"
"T270","photos/products/T270_1.jpg"
"T271","photos/products/T271_1.jpg"
"T272","photos/products/T272_1.jpg"
"TM105","photos/products/TM105_1.jpg"
"TM106","photos/products/TM106_1.jpg"
"TM107","photos/products/TM107_1.jpg"
"TM108","photos/products/TM108_1.jpg"
"TM109","photos/products/TM109_1.jpg"
"TM110","photos/products/TM110_1.jpg"
"TM111","photos/products/TM111_1.jpg"
"TM112","photos/products/TM112_1.jpg"
"TM113","photos/products/TM113_1.jpg"
"TM114","photos/products/TM114_1.jpg"
"TM115","photos/products/TM115_1.jpg"
"TM116","photos/products/TM116_1.jpg"
"TM117","photos/products/TM117_1.jpg"
"TM122","photos/products/TM122_1.jpg"
"P230","photos/products/P230_1.jpg"
"P231","photos/products/P231_1.jpg"
"T260","photos/products/T260_1.jpg"
"T261","photos/products/T261_1.jpg"
"T262","photos/products/T262_1.jpg"
"TPM101","photos/products/TPM101_1.jpg"
"D241","photos/products/D241_1.jpg"
"A001","photos/products/A001_1.jpg"
"A002","photos/products/A002_1.jpg"
"A003","photos/products/A003_1.jpg"
"A004","photos/products/A004_1.jpg"
"D242","photos/products/D242_1.jpg"
"D243","photos/products/D243_1.jpg"
"D244","photos/products/D244_1.jpg"
"D245","photos/products/D245_1.jpg"
"D246","photos/products/D246_1.jpg"
"D247","photos/products/D247_1.jpg"
"P237","photos/products/P237_1.jpg"
"P238","photos/products/P238_1.jpg"
"PM126","photos/products/PM126_1.jpg"
"PM127","photos/products/PM127_1.jpg"
"T273","photos/products/T273_1.jpg"
"T274","photos/products/T274_1.jpg"
"T275","photos/products/T275_1.jpg"
"T276","photos/products/T276_1.jpg"
"T277","photos/products/T277_1.jpg"
"T278","photos/products/T278_1.jpg"
"T280","photos/products/T280_1.jpg"
"T281","photos/products/T281_1.jpg"
"T282","photos/products/T282_1.jpg"
"T283","photos/products/T283_1.jpg"
"T284","photos/products/T284_1.jpg"
"TM123","photos/products/TM123_1.jpg"
"TM125","photos/products/TM125_1.jpg"
"T279","photos/products/T279_1.JPG"
